{"usd_price":[[1455134369000,0.953412],[1455220775000,1.18474],[1455307167000,1.35637],[1455393566000,1.19933],[1455479967000,1.14041],[1455566366000,1.42859],[1455652767000,1.59586],[1455739170000,1.61505],[1455825568000,1.42634],[1455911969000,1.46376],[1455998371000,1.54632],[1456084770000,1.5726],[1456171170000,1.80932],[1456257570000,2.05211],[1456343972000,2.72494],[1456430668000,2.35743],[1456517368000,2.45363],[1456603767000,2.18568],[1456690168000,2.25465],[1456776868000,2.14386],[1456863284000,1.53333],[1456949669000,1.72611],[1457036067000,1.77428],[1457122468000,1.82327],[1457208866000,1.71001],[1457295267000,2.01522],[1457381672000,2.10752],[1457468069000,2.26075],[1457554469000,2.43033],[1457640868000,2.33194],[1457727270000,2.52277],[1457813667000,2.30598],[1457900067000,2.26403],[1457986468000,2.4722],[1458072867000,2.54328],[1458159271000,2.52331],[1458246868000,2.49641],[1458333268000,2.33684],[1458419668000,2.38145],[1458506067000,2.18788],[1458595173000,2.21098],[1458681568000,2.14954],[1458767969000,2.05576],[1458854368000,1.92518],[1458940768000,1.88529],[1459027166000,2.17091],[1459113567000,2.05712],[1459199968000,2.11287],[1459286370000,2.04042],[1459372767000,2.09934],[1459459168000,2.00773],[1459545567000,2.00154],[1459631967000,1.94179],[1459718968000,1.92926],[1459805368000,1.90532],[1459894768000,1.8158],[1459981168000,1.75303],[1460067868000,1.73786],[1460154268000,1.77933],[1460240668000,1.61993],[1460327071000,1.47601],[1460413467000,1.46491],[1460499867000,1.64287],[1460586267000,1.55224],[1460672667000,1.51052],[1460759067000,1.38983],[1460845466000,1.36822],[1460931867000,1.34694],[1461018267000,1.68031],[1461104668000,1.49991],[1461191067000,1.5145],[1461277467000,1.5467],[1461325767000,1.68192]],"btc_price":[[1455134369000,0.00250207],[1455220775000,0.00313951],[1455307167000,0.00354044],[1455393566000,0.00307039],[1455479967000,0.00283489],[1455566366000,0.00355633],[1455652767000,0.00391093],[1455739170000,0.00384712],[1455825568000,0.00339197],[1455911969000,0.00348594],[1455998371000,0.00350857],[1456084770000,0.00362429],[1456171170000,0.00413003],[1456257570000,0.00489684],[1456343972000,0.00641808],[1456430668000,0.00555421],[1456517368000,0.0057775],[1456603767000,0.00505965],[1456690168000,0.00518704],[1456776868000,0.00490935],[1456863284000,0.00353717],[1456949669000,0.00400739],[1457036067000,0.00422678],[1457122468000,0.00435572],[1457208866000,0.00424873],[1457295267000,0.00491372],[1457381672000,0.00508413],[1457468069000,0.00547541],[1457554469000,0.00586126],[1457640868000,0.00559378],[1457727270000,0.00598178],[1457813667000,0.00560591],[1457900067000,0.00547018],[1457986468000,0.00595322],[1458072867000,0.00610126],[1458159271000,0.00605425],[1458246868000,0.00593294],[1458333268000,0.00573601],[1458419668000,0.00583595],[1458506067000,0.00529797],[1458595173000,0.00536054],[1458681568000,0.00514617],[1458767969000,0.00490754],[1458854368000,0.00461514],[1458940768000,0.00451856],[1459027166000,0.00519689],[1459113567000,0.00481805],[1459199968000,0.00498213],[1459286370000,0.00490499],[1459372767000,0.00506195],[1459459168000,0.00480213],[1459545567000,0.00479439],[1459631967000,0.00461508],[1459718968000,0.00458852],[1459805368000,0.0045242],[1459894768000,0.00428799],[1459981168000,0.00413633],[1460067868000,0.00410691],[1460154268000,0.004226],[1460240668000,0.00386475],[1460327071000,0.00349998],[1460413467000,0.0034707],[1460499867000,0.00386492],[1460586267000,0.00365903],[1460672667000,0.00356078],[1460759067000,0.00323753],[1460845466000,0.00317628],[1460931867000,0.00315189],[1461018267000,0.00392295],[1461104668000,0.00347717],[1461191067000,0.00342618],[1461277467000,0.00344102],[1461325767000,0.00376436]]}